<?xml version="1.0" encoding="UTF-8"?>
<!DOCTYPE mapper
        PUBLIC "-//mybatis.org//DTD Mapper 3.0//EN"
        "http://mybatis.org/dtd/mybatis-3-mapper.dtd">
<mapper namespace="BrandHotMapper">

    <insert id="create" parameterType="map" >
       INSERT INTO mall_hot_brand (brand_id,sequence,image,is_display,create_time)
       VALUES(#{brandId},#{sequence},#{image},#{isDisplay},NOW() )
    </insert>

    <select id="findAllHotBrandByPara" parameterType="map" resultType="map">
        SELECT
            id,
            brand_id AS brandId,
            sequence,
            image,
            is_display AS isDisplay
        FROM mall_hot_brand
        <trim prefix="WHERE" prefixOverrides="AND">
            <if test = " id != null " > AND id = #{id}</if>
            <if test = " brandId != null " > AND brand_id = #{brandId} </if>
            <if test = " isDisplay != null " > AND is_display = #{isDisplay} </if>
        </trim>
        ORDER BY sequence DESC
        <if test="start != null " > LIMIT #{start}, #{max}</if>
    </select>

    <select id="countFindAllHotBrandByPara" parameterType="map" resultType="int">
        SELECT
          count(id)
        FROM mall_hot_brand
        <trim prefix="WHERE" prefixOverrides="AND">
            <if test = " id != null " > AND id = #{id}</if>
            <if test = " brandId != null " > AND brand_id = #{brandId} </if>
            <if test = " isDisplay != null " > AND is_display = #{isDisplay} </if>
        </trim>
        ORDER BY sequence DESC
    </select>

    <update id="update" parameterType="map">
        UPDATE mall_hot_brand
        <set>
            <if test=" brandId != null"> brand_id = #{brandId} ,</if>
            <if test=" sequence != null "> sequence = #{sequence},</if>
            <if test=" isDisplay != null "> is_display = #{isDisplay}, </if>
            <if test=" image != null "> image = #{image} </if>
        </set>
        WHERE id IN
        <foreach collection="idList" item="id" open="(" close=")" separator=",">
            #{id}
        </foreach>
    </update>

    <delete id="delete" parameterType="int">
        DELETE FROM mall_hot_brand WHERE id = #{id} LIMIT 1
    </delete>



</mapper>