<?xml version="1.0" encoding="UTF-8" ?>  
<!DOCTYPE mapper  
   PUBLIC "-//mybatis.org//DTD Mapper 3.0//EN"  
   "http://mybatis.org/dtd/mybatis-3-mapper.dtd">
<mapper namespace="GegetuanMapper">

	<select id="countListInfo" resultType="int" parameterType="map">
		select count(1) 
			from mweb_group_product_info a,mweb_group_product e 
			where a.mweb_group_product_id = e.id  and a.status = 1
			<if test="name!=null and name!=''"> and e.name like concat(concat('%',#{name}),'%') </if>
	</select>
	
	<select id="findListInfo" resultType="map" parameterType="map">
		select a.id,a.mweb_group_product_id as mwebGroupProductInfoId,a.team_number_limit as teamNumberLimit,a.current_number as currentNumber,
			a.status,a.create_time as createTime,a.team_end_time as teamEndTime,group_concat(distinct c.number) as orderNumber,group_concat(distinct c.id) as orderId,
			group_concat(distinct f.wechat_nick_name) as nickname,e.short_name as shortName
		from mweb_group_product_info a,mweb_group_product_info_relation_order b,`order` c,
			mweb_group_product_account d,mweb_group_product e,mweb_group_account f
		where a.id=b.mweb_group_product_info_id and b.order_id=c.id 
			and a.id=d.mweb_group_product_info_id and a.mweb_group_product_id = d.mweb_group_product_id
			and d.mweb_group_account_id=f.id and a.mweb_group_product_id = e.id and a.status=1
			<if test="name!=null and name!=''"> and e.name like concat(concat('%',#{name}),'%') </if>
			group by a.id order by a.id asc 
			<if test="start!=null"> limit #{start},#{size}</if>
	</select>

</mapper>