<?xml version="1.0" encoding="UTF-8"?>
<!DOCTYPE mapper  
   PUBLIC "-//mybatis.org//DTD Mapper 3.0//EN"  
   "http://mybatis.org/dtd/mybatis-3-mapper.dtd">  
<mapper namespace="ManagerMapper">  
    <resultMap type="ManagerEntity" id="ManagerMap">
    	<id column="id" property="id" />
    	<result column="name" property="name" />
    	<result column="pwd" property="pwd" />
    	<result column="enabled" property="enabled" />
    	<result column="create_time" property="createTime" />
    </resultMap>
    
<!-- 插入账号信息 -->
    <insert id="addManager" parameterType="ManagerEntity" useGeneratedKeys="true" keyProperty="id">
       INSERT INTO manager(name,pwd,create_time) 
       VALUES(#{name},#{pwd},now())
     </insert>
    
<!-- 查询账号信息 -->
     <select id="findManagerByPara" parameterType="map"  resultMap="ManagerMap">
     	SELECT * FROM manager 
     	WHERE 1=1 
     	<if test="enabled != null"> AND enabled=#{enabled} </if>
     	<if test="name != null">and name like #{name} </if>
     	<if test="id != null">and id=#{id} </if>
     	<if test="start != null">
     		LIMIT #{start,jdbcType=INTEGER},#{max,jdbcType=INTEGER}
     	</if>
     </select>
     
<!-- count 账号 数量 -->
     <select id="countManagerByPara" parameterType="map"  resultType="int">
     	SELECT count(id) FROM manager 
     	WHERE 1=1 
     	<if test="enabled != null"> AND enabled=#{enabled} </if>
     	<if test="name != null">and name like #{name} </if>
     	<if test="id != null">and id=#{id} </if>
     </select>
     
<!-- 更新管理员密码  -->
    <update id="updatePWD" parameterType="map">
     	UPDATE `manager` set pwd=#{pwd} where id=#{id}
    </update>
    
</mapper>  