<?xml version="1.0" encoding="UTF-8" ?>  
<!DOCTYPE mapper  
   PUBLIC "-//mybatis.org//DTD Mapper 3.0//EN"  
   "http://mybatis.org/dtd/mybatis-3-mapper.dtd">
<mapper namespace="QqbsQRCodeMapper">
	<resultMap type="QRCodeEntity" id="qrCodeEntitytMap">
		<id column="id" property="id" />
		<result column="account_id" property="accountId" />
		<result column="qrcode_url" property="qrCodeUrl" />
		<result column="creator" property="creator" />
		<result column="create_time" property="createTime" />
		<result column="update_time" property="updateTime" />
		
	</resultMap>
	<sql id="QRCodeQuery">
		id as id,
		account_id as accountId ,
		qrcode_url as qrCodeUrl,
		creator as creator,
		create_time as createTime,
		update_time as updateTime
	</sql>

	<select id="findQRCodesByQueryCriteria" parameterType="QRCodeEntity"
		resultMap="qrCodeEntitytMap">
		SELECT
		<include refid="QRCodeQuery"></include>
		FROM qqbs_qrcode
		<where>
			<if test="accountId != 0">
				account_Id =#{accountId}
			</if>
		</where>
		<if test="start != 0 and max!=0">
			LIMIT #{start},#{max}
		</if>
	</select>
	<!-- 查询账号数量 -->
	<select id="countQRCodeByQueryCriteria"
		parameterType="QRCodeEntity"
		resultType="int">
		SELECT count(id) FROM qqbs_qrcode
		<where>
			<if test="accountId != 0">
				AND account_Id =#{accountId}
			</if>
		</where>
	</select>
		<insert id="createQRCode" parameterType="QRCodeEntity" useGeneratedKeys="true" keyProperty="id">
		INSERT INTO qqbs_qrcode(account_id,qrcode_url,creator,create_time)
		VALUES(#{accountId},#{qrCodeUrl},#{creator},now())
	</insert>
</mapper>  