<?xml version="1.0" encoding="UTF-8" ?>  
<!DOCTYPE mapper  
   PUBLIC "-//mybatis.org//DTD Mapper 3.0//EN"  
   "http://mybatis.org/dtd/mybatis-3-mapper.dtd">  
<mapper namespace="YwBrandMapper">  

	<!--新增品牌-->
	<insert id="addBrand" parameterType="YwBrandEntity">
		insert into yw_brand(`yw_brand_category_id`,`activities_common_id`,`name`,brand_id,`order`,`image`,is_display,create_time)
		values(#{ywBrandCategoryId},#{activitiesCommonId},#{name},#{brandId},#{order},#{image},#{isDisplay},now())
	</insert>
	
	<!-- 更新品牌 -->
	<update id="updateBrand" parameterType="YwBrandEntity">
		update yw_brand
		<set>
			<if test="ywBrandCategoryId!=null"> `yw_brand_category_id`=#{ywBrandCategoryId},</if>
			<if test="activitiesCommonId!=null"> `activities_common_id`=#{activitiesCommonId},</if>
			<if test="name!=null"> name=#{name}, </if>
			<if test="brandId!=null"> `brand_id`=#{brandId},</if>
			<if test="order!=null"> `order`=#{order},</if>
			<if test="image!=null"> image=#{image}, </if>
			<if test="isDisplay!=null"> is_display=#{isDisplay} </if>
		</set>
		where id=#{id}
	</update>
	
		
	<!-- 更新品牌展现与否 -->
	<update id="updateBrandDisplay" parameterType="YwBrandEntity">
		update yw_brand
		<set>
			<if test="isDisplay!=null"> is_display=#{isDisplay} </if>
		</set>
		where id=#{id}
	</update>
	
	<!-- 查询品牌栏目列表信息 -->
	<select id="findBrandInfo" parameterType="map" resultType="YwBrandEntity">
		SELECT
			qb.id as id,  
			qb.`name` as `name`,
			qb.image as image,
			qb.`order` as `order`,
			qb.brand_id as brandId,
			qb.yw_brand_category_id as ywBrandCategoryId,
			qb.activities_common_id as activitiesCommonId,
			qb.is_display as isDisplay  
			FROM    
			yw_brand qb
			<if test="categoryId!=null"> where yw_brand_category_id = #{categoryId}</if>
		ORDER BY qb.`order` DESC
		<if test="start != null">LIMIT #{start},#{max}</if>
	</select>
	
	<!-- 查询品牌列表信息 -->
	<select id="countBrandInfo" parameterType="map" resultType="int">
		SELECT
			count(qb.id)
			from yw_brand qb
			<if test="categoryId!=null"> where yw_brand_category_id = #{categoryId}</if>
	</select>
	
    <!-- 获取品牌馆名称 -->
	<select id="getBrandCateName" parameterType="map" resultType="String">
		SELECT
			name 
			from yw_brand_category qbc
			<if test="categoryId!=null"> where qbc.id = #{categoryId}</if>
	</select>
	
</mapper>  