<?xml version="1.0" encoding="UTF-8"?>
<!DOCTYPE generatorConfiguration
        PUBLIC "-//mybatis.org//DTD MyBatis Generator Configuration 1.0//EN"
        "http://mybatis.org/dtd/mybatis-generator-config_1_0.dtd">
<generatorConfiguration>
    <properties resource="jdbc.properties" />
    <classPathEntry location="F:\factory\repository\maven\mysql\mysql-connector-java\5.1.18\mysql-connector-java-5.1.18.jar" />
    <context id="context1" targetRuntime="MyBatis3">
        <!-- 生成的pojo，将implements Serializable-->
        <plugin type="org.mybatis.generator.plugins.SerializablePlugin"></plugin>

        <commentGenerator>
            <!-- 是否去除自动生成的注释 true：是 ： false:否 -->
            <property name="suppressAllComments" value="true" />
        </commentGenerator>

        <!--数据库信息-->
        <jdbcConnection driverClass="com.mysql.jdbc.Driver"
                        connectionURL="jdbc:mysql://127.0.0.1:3306/ygg_sale_platform?useUnicode=true&amp;characterEncoding=UTF8&amp;zeroDateTimeBehavior=convertToNull&amp;autoReconnect=true&amp;allowMultiQueries=true"
                        userId="root"
                        password="123456" />

        <!--默认false，把JDBC DECIMAL 和 NUMERIC 类型解析为 Integer,true，把JDBC DECIMAL 和 NUMERIC 类型解析为java.math.BigDecimal-->
        <javaTypeResolver>
            <property name="forceBigDecimals" value="false" />
        </javaTypeResolver>

        <javaModelGenerator targetPackage="com.ygg.admin.entity" targetProject="./src/main/java">
            <!--是否允许根据catalog and schema生成子包-->
            <property name="enableSubPackages" value="true"/>
        </javaModelGenerator>

        <!--对应的mapper.xml文件  -->
        <sqlMapGenerator targetPackage="mapper" targetProject="./src/main/resources">
            <!--是否允许根据catalog and schema生成子包-->
            <property name="enableSubPackages" value="true"/>
        </sqlMapGenerator>

        <!-- 对应的Mapper接口类文件 -->
        <javaClientGenerator type="XMLMAPPER" targetPackage="com.ygg.admin.dao" targetProject="./src/main/java">
            <property name="enableSubPackages" value="true"/>
        </javaClientGenerator>

        <table tableName="account" domainObjectName="Account"
               modelType="flat"
               enableCountByExample="false"
               enableUpdateByExample="false"
               enableDeleteByExample="false"
               enableSelectByExample="false"
               selectByExampleQueryId="false" >
            <property name="useActualColumnNames" value="false"/>
            <generatedKey column="id" sqlStatement="Mysql"/>
        </table>
    </context>
</generatorConfiguration>