<?xml version="1.0" encoding="UTF-8"?>
<beans xmlns="http://www.springframework.org/schema/beans"
	xmlns:xsi="http://www.w3.org/2001/XMLSchema-instance"
	xmlns:context="http://www.springframework.org/schema/context"
	xmlns:aop="http://www.springframework.org/schema/aop"
	xmlns:mvc="http://www.springframework.org/schema/mvc"
	xmlns:tx="http://www.springframework.org/schema/tx"
	xsi:schemaLocation="http://www.springframework.org/schema/beans 
				         http://www.springframework.org/schema/beans/spring-beans-3.0.xsd
				         http://www.springframework.org/schema/context
				         http://www.springframework.org/schema/context/spring-context-3.0.xsd
				         http://www.springframework.org/schema/tx
				         http://www.springframework.org/schema/tx/spring-tx-3.0.xsd
				         http://www.springframework.org/schema/mvc
				         http://www.springframework.org/schema/mvc/spring-mvc-3.0.xsd
				         http://www.springframework.org/schema/aop 
				         http://www.springframework.org/schema/aop/spring-aop-3.0.xsd">

    <aop:aspectj-autoproxy proxy-target-class="true" />
    <!--<bean class="org.springframework.aop.framework.autoproxy.DefaultAdvisorAutoProxyCreator">-->
        <!--<property name="proxyTargetClass" value="true"/>-->
    <!--</bean>-->
	<bean id="logAspect" class="com.ygg.admin.aspect.LogAspect"/>
	
	<context:component-scan base-package="com.ygg.admin.controller,com.ygg.admin.service.impl"/>
	<!--<context:component-scan base-package="com.ygg.admin.controller"/>-->

    <mvc:annotation-driven />
     <!--  annotation默认的方法映射适配器 -->
     <!-- <bean class="org.springframework.web.servlet.mvc.annotation.DefaultAnnotationHandlerMapping" /> 
     <bean class="org.springframework.web.servlet.mvc.annotation.AnnotationMethodHandlerAdapter">  
        <property name="cacheSeconds" value="0" />  
        <property name="messageConverters">  
             <list>  
                 <bean class = "org.springframework.http.converter.StringHttpMessageConverter">  
                    <property name = "supportedMediaTypes">  
                          <list>  
                              <value>application/json;charset=UTF-8</value>  避免springmvc 传前台json时有乱码 
                              <value>text/html;charset=UTF-8</value>  
                         </list>  
                    </property>  
                 </bean>  
            </list>  
        </property>  
    </bean>  --> 
     <!-- 避免springmvc 传前台json时有乱码  
     <bean id="stringJsonHttpMessageConverter" class="com.ygg.webapp.json.StringJsonHttpMessageConverter">  
     </bean> -->
    
	
	<mvc:interceptors>
        <bean class="com.ygg.admin.interceptor.PermissionInterceptor" />
		<!-- 拦截外网用户 -->
		<bean class="com.ygg.admin.interceptor.LoginInterceptor" />
		<!-- 记住用户菜单选择 & 拦截IE浏览器 -->
		<bean class="com.ygg.admin.interceptor.MenuInterceptor" />

		<bean class="com.ygg.admin.interceptor.RestrictAccessInterceptor" />
	</mvc:interceptors>
   
    <!-- Spring MVC JSON配置 -->
	<bean class="org.springframework.web.servlet.mvc.annotation.AnnotationMethodHandlerAdapter">
	   <property name="messageConverters">
	     <list>
	         <ref bean="jsonHttpMessageConverter"/>
	      </list>
	   </property>
	</bean>
	<!-- 用spring 自带的需两个 jarjackson-core-asl-1.9.12  jackson-mapper-asl-1.9.12 
	<bean id="jsonHttpMessageConverter"  class="org.springframework.http.converter.json.MappingJacksonHttpMessageConverter"/> -->
    <bean id="jsonHttpMessageConverter"  class="com.ygg.admin.json.FastJsonHttpMessageConverter">
       <property name="supportedMediaTypes">
			<list>
			    <value>application/json;charset=UTF-8</value>  <!-- 避免springmvc 传前台json时有乱码  -->
				<value>text/html;charset=UTF-8</value><!-- 避免IE出现下载JSON文件的情况 -->
			</list>
		</property>
    </bean>

    <!-- Support Shiro Annotation -->
    <bean class="org.springframework.web.servlet.handler.SimpleMappingExceptionResolver">
        <property name="exceptionMappings">
            <props>
                <prop key="org.apache.shiro.authz.UnauthorizedException">/auth/noPermission</prop>
            </props>
        </property>
    </bean>
    <bean id="lifecycleBeanPostProcessor" class="org.apache.shiro.spring.LifecycleBeanPostProcessor"/>
    <!-- Enable Shiro Annotations for Spring-configured beans.  Only run after         the lifecycleBeanProcessor has run: -->
    <bean class="org.springframework.aop.framework.autoproxy.DefaultAdvisorAutoProxyCreator" depends-on="lifecycleBeanPostProcessor"/>
    <bean class="org.apache.shiro.spring.security.interceptor.AuthorizationAttributeSourceAdvisor">
        <property name="securityManager" ref="securityManager"/>
    </bean>


    <!-- 设置freeMarker的配置文件路径 -->
	<bean id="freemarkerConfiguration" class="org.springframework.beans.factory.config.PropertiesFactoryBean">
	    <property name="location" value="classpath:freemarker.properties"/>
	</bean>

<!-- freemarker的配置 -->  
    <bean id="freemarkerConfigurer"  class="org.springframework.web.servlet.view.freemarker.FreeMarkerConfigurer">  
        <!-- <property name="templateLoaderPath" value="/WEB-INF/view/" /> --> 
        <property name="templateLoaderPath" value="/pages/" /> 
        <property name="defaultEncoding" value="UTF-8" />  
        <property name="freemarkerSettings"  ref="freemarkerConfiguration" />
        <!-- <property name="freemarkerSettings"　ref="freemarkerConfiguration"　>  
            <props>  
                <prop key="template_update_delay">10</prop>  
                <prop key="locale">zh_CN</prop>  
                <prop key="datetime_format">yyyy-MM-dd HH:mm:ss</prop>  
                <prop key="date_format">yyyy-MM-dd</prop>  
                <prop key="number_format">#.##</prop>  
            </props>  
        </property>   -->
    </bean>  
    <!-- FreeMarker视图解析 如返回userinfo。。在这里配置后缀名ftl和视图解析器。。 -->  
    <bean id="viewResolver"   class="org.springframework.web.servlet.view.freemarker.FreeMarkerViewResolver">  
        <property name="viewClass"    value="org.springframework.web.servlet.view.freemarker.FreeMarkerView" />  
        <property name="suffix" value=".ftl" />  
        <property name="contentType" value="text/html;charset=UTF-8" />  
        
        <property name="allowRequestOverride" value="true" />  <!-- 在request范围内充许重复绑定 -->
        <property name="allowSessionOverride" value="true" />  <!-- 在session范围内充许重复绑定 -->
        <property name="exposeRequestAttributes" value="true" />  
        <property name="exposeSessionAttributes" value="true" />  
        <property name="exposeSpringMacroHelpers" value="true" /> 
        <property name="requestContextAttribute" value="rc" /> <!-- 设置contextpath 在 FTL 页面中用　${rc.contextPath}得到 -->
    </bean> 
    
      		
				
</beans>
				         